{
  "overallPerformance": {
    "totalReturn": -0.012783653051772271,
    "annualizedReturn": -0.003439496483367277,
    "winRate": 0.391304347826087,
    "profitFactor": 2.1534740946462536,
    "totalTrades": 23,
    "maxDrawdown": 0.014124237635759387,
    "finalCapital": 98721.63469482277,
    "trades": [
      {
        "side": "LONG",
        "entryPrice": 3838.62,
        "exitPrice": 3792.55656,
        "pnl": -105.01810933199071,
        "returnRate": -0.025129917146481662,
        "reason": "TRAILING_STOP",
        "strategy": "trendCapture",
        "signalType": "trendCapture",
        "confidence": 0.88,
        "qualityScore": 0.8797576487992431,
        "expectedReturn": 0.055,
        "actualReturn": -0.025129917146481662,
        "leverage": 2.0941597622068095,
        "positionSize": 0.0387093365471667,
        "holdingTime": 32674.39602888889
      },
      {
        "side": "LONG",
        "entryPrice": 3818.94,
        "exitPrice": 3773.11272,
        "pnl": -224.81079192596957,
        "returnRate": -0.03499145560508253,
        "reason": "TRAILING_STOP",
        "strategy": "trendCapture",
        "signalType": "trendCapture",
        "confidence": 0.88,
        "qualityScore": 0.864170432340168,
        "expectedReturn": 0.055,
        "actualReturn": -0.03499145560508253,
        "leverage": 2.915954633756879,
        "positionSize": 0.06083759843674783,
        "holdingTime": 32631.896029722222
      },
      {
        "side": "SHORT",
        "entryPrice": 3655.3,
        "exitPrice": 3563.9175,
        "pnl": 85.16188814805125,
        "returnRate": 0.0726991292877333,
        "reason": "PROFIT_LAYER_1",
        "strategy": "trendCapture",
        "signalType": "trendCapture",
        "confidence": 0.88,
        "qualityScore": 0.8563228543035191,
        "expectedReturn": 0.055,
        "actualReturn": 0.0726991292877333,
        "leverage": 2.9079651715093267,
        "positionSize": 0.040285128942967735,
        "holdingTime": 32599.39603
      },
      {
        "side": "SHORT",
        "entryPrice": 3249.6,
        "exitPrice": 3209.7139199999997,
        "pnl": 88.63504242123724,
        "returnRate": 0.0255162142794834,
        "reason": "TRAILING_STOP",
        "strategy": "trendCapture",
        "signalType": "trendCapture",
        "confidence": 0.88,
        "qualityScore": 0.8587153949117325,
        "expectedReturn": 0.055,
        "actualReturn": 0.0255162142794834,
        "leverage": 2.078857835179812,
        "positionSize": 0.03778347737611624,
        "holdingTime": 32567.646030555556
      },
      {
        "side": "SHORT",
        "entryPrice": 3217.31,
        "exitPrice": 3136.87725,
        "pnl": 132.09243175462703,
        "returnRate": 0.07327348983009559,
        "reason": "PROFIT_LAYER_1",
        "strategy": "trendCapture",
        "signalType": "trendCapture",
        "confidence": 0.88,
        "qualityScore": 0.8788892751098394,
        "expectedReturn": 0.055,
        "actualReturn": 0.07327348983009559,
        "leverage": 2.930939593203825,
        "positionSize": 0.0618738049677327,
        "holdingTime": 32566.396030555556
      },
      {
        "side": "LONG",
        "entryPrice": 3131.69,
        "exitPrice": 3209.9822499999996,
        "pnl": 159.9185978747029,
        "returnRate": 0.06876778645603229,
        "reason": "PROFIT_LAYER_1",
        "strategy": "premiumAntiManipulation",
        "signalType": "premiumFakeBreakout",
        "confidence": 0.92,
        "qualityScore": 0.8132787782700341,
        "expectedReturn": 0.035,
        "actualReturn": 0.06876778645603229,
        "leverage": 2.750711458241309,
        "positionSize": 0.07985731808067452,
        "holdingTime": 32555.396030833333
      },
      {
        "side": "SHORT",
        "entryPrice": 3040.83,
        "exitPrice": 3077.31996,
        "pnl": -295.154357310942,
        "returnRate": -0.03484557977926154,
        "reason": "TRAILING_STOP",
        "strategy": "trendCapture",
        "signalType": "trendCapture",
        "confidence": 0.88,
        "qualityScore": 0.8522299965999434,
        "expectedReturn": 0.055,
        "actualReturn": -0.03484557977926154,
        "leverage": 2.903798314938471,
        "positionSize": 0.07999699176063602,
        "holdingTime": 32529.39603111111
      },
      {
        "side": "SHORT",
        "entryPrice": 3087.99,
        "exitPrice": 3010.7902499999996,
        "pnl": 135.61223739853295,
        "returnRate": 0.07372553794005357,
        "reason": "PROFIT_LAYER_1",
        "strategy": "trendCapture",
        "signalType": "trendCapture",
        "confidence": 0.88,
        "qualityScore": 0.8966500840819331,
        "expectedReturn": 0.055,
        "actualReturn": 0.07372553794005357,
        "leverage": 2.949021517602134,
        "positionSize": 0.06312416591936809,
        "holdingTime": 32487.146031666667
      },
      {
        "side": "SHORT",
        "entryPrice": 2948.64,
        "exitPrice": 2984.02368,
        "pnl": -221.52234270475563,
        "returnRate": -0.03486437957824856,
        "reason": "TRAILING_STOP",
        "strategy": "trendCapture",
        "signalType": "trendCapture",
        "confidence": 0.88,
        "qualityScore": 0.8537688245069679,
        "expectedReturn": 0.055,
        "actualReturn": -0.03486437957824856,
        "leverage": 2.905364964854054,
        "positionSize": 0.060105325245290546,
        "holdingTime": 32484.896031666667
      },
      {
        "side": "SHORT",
        "entryPrice": 2998.14,
        "exitPrice": 3034.11768,
        "pnl": -222.94394786397012,
        "returnRate": -0.034934619862802274,
        "reason": "TRAILING_STOP",
        "strategy": "trendCapture",
        "signalType": "trendCapture",
        "confidence": 0.88,
        "qualityScore": 0.859518232260915,
        "expectedReturn": 0.055,
        "actualReturn": -0.034934619862802274,
        "leverage": 2.9112183219001926,
        "positionSize": 0.06051008355116841,
        "holdingTime": 32484.646031666667
      },
      {
        "side": "LONG",
        "entryPrice": 3229.88,
        "exitPrice": 3227.19,
        "pnl": -9.315556321212034,
        "returnRate": -0.001743744350893634,
        "reason": "MAX_HOLDING_TIME",
        "strategy": "trendCapture",
        "signalType": "trendCapture",
        "confidence": 0.88,
        "qualityScore": 0.8791417731320699,
        "expectedReturn": 0.055,
        "actualReturn": -0.001743744350893634,
        "leverage": 2.0937118974216418,
        "positionSize": 0.025,
        "holdingTime": 32458.646032222223
      },
      {
        "side": "LONG",
        "entryPrice": 3295.31,
        "exitPrice": 3377.6927499999997,
        "pnl": 37.70130554703678,
        "returnRate": 0.05250951197946882,
        "reason": "PROFIT_LAYER_1",
        "strategy": "trendCapture",
        "signalType": "trendCapture",
        "confidence": 0.88,
        "qualityScore": 0.8883119900698002,
        "expectedReturn": 0.055,
        "actualReturn": 0.05250951197946882,
        "leverage": 2.100380479178759,
        "positionSize": 0.025,
        "holdingTime": 32438.896032222223
      },
      {
        "side": "SHORT",
        "entryPrice": 3202.51,
        "exitPrice": 3240.94012,
        "pnl": -103.48929267825055,
        "returnRate": -0.025068738101740415,
        "reason": "TRAILING_STOP",
        "strategy": "trendCapture",
        "signalType": "trendCapture",
        "confidence": 0.88,
        "qualityScore": 0.8727468488426411,
        "expectedReturn": 0.055,
        "actualReturn": -0.025068738101740415,
        "leverage": 2.089061508478369,
        "positionSize": 0.03840086134907621,
        "holdingTime": 32391.396033055556
      },
      {
        "side": "SHORT",
        "entryPrice": 3258.22,
        "exitPrice": 3255.94,
        "pnl": -2.0557810247692236,
        "returnRate": 0.0014624814471681325,
        "reason": "MAX_HOLDING_TIME",
        "strategy": "trendCapture",